{
  "config": {
    "INPUT_DIR": "/home/astrodados4/downloads/hypercube",
    "FILE_PATTERN": "datacube_*.parquet",
    "TOKENIZER_CONFIG": "spectrum_tokenizer_config.npz",
    "MAX_FILES": 999999,
    "MAX_ROWS_PER_FILE": 2000,
    "MAX_POINTS_PER_ROW": 2000,
    "MAX_FEATURES_PER_GROUP": 500000,
    "GAIAXPY_MODE": "convert",
    "GAIAXPY_TRUNCATION": false,
    "GAIAXPY_WITH_CORRELATION": false
  },
  "groups": {
    "desi_b": {
      "kind": "flux_ivar",
      "columns": {
        "kind": "flux_ivar",
        "flux_col": "desi_flux_b",
        "ivar_col": "desi_ivar_b"
      },
      "metrics": {
        "status": "ok",
        "n_points": 500000,
        "inertia_per_point": 0.03316374123096466,
        "rmse": 0.18210914647805218,
        "mae_dist": 0.1132635846734047,
        "p95_dist": 0.4309198558330536,
        "code_usage": 2036,
        "code_usage_frac": 0.994140625,
        "perplexity": 452.53026997063375,
        "perplexity_frac": 0.2209620458840985,
        "top10_mass": 0.18574400000000002,
        "dist_min": 1.8275532056577504e-05,
        "dist_median": 0.07168078422546387,
        "dist_max": 2.8181910514831543
      }
    },
    "desi_r": {
      "kind": "flux_ivar",
      "columns": {
        "kind": "flux_ivar",
        "flux_col": "desi_flux_r",
        "ivar_col": "desi_ivar_r"
      },
      "metrics": {
        "status": "ok",
        "n_points": 500000,
        "inertia_per_point": 0.04040421172976494,
        "rmse": 0.20100798921874954,
        "mae_dist": 0.09776502102613449,
        "p95_dist": 0.48834115266799927,
        "code_usage": 1959,
        "code_usage_frac": 0.95654296875,
        "perplexity": 617.8500618055759,
        "perplexity_frac": 0.3016846004910039,
        "top10_mass": 0.10503599999999999,
        "dist_min": 9.716939530335367e-06,
        "dist_median": 0.04573565348982811,
        "dist_max": 2.951159954071045
      }
    },
    "desi_z": {
      "kind": "flux_ivar",
      "columns": {
        "kind": "flux_ivar",
        "flux_col": "desi_flux_z",
        "ivar_col": "desi_ivar_z"
      },
      "metrics": {
        "status": "ok",
        "n_points": 500000,
        "inertia_per_point": 0.04532811418175697,
        "rmse": 0.21290400226805736,
        "mae_dist": 0.1288711130619049,
        "p95_dist": 0.4998833239078522,
        "code_usage": 2015,
        "code_usage_frac": 0.98388671875,
        "perplexity": 448.54038165853507,
        "perplexity_frac": 0.21901385823170658,
        "top10_mass": 0.159198,
        "dist_min": 1.9024395442102104e-05,
        "dist_median": 0.07839047908782959,
        "dist_max": 3.32958984375
      }
    },
    "gaiaxp_bp": {
      "kind": "gaiaxpy_xp",
      "columns": {
        "kind": "gaiaxpy_xp",
        "xp_band": "BP"
      },
      "metrics": {
        "status": "ok",
        "n_points": 500000,
        "inertia_per_point": 0.0005278729950077832,
        "rmse": 0.02297548682852625,
        "mae_dist": 0.015684369951486588,
        "p95_dist": 0.0421055443584919,
        "code_usage": 2048,
        "code_usage_frac": 1.0,
        "perplexity": 1797.2187825557107,
        "perplexity_frac": 0.8775482336697806,
        "top10_mass": 0.015694,
        "dist_min": 1.6137345255629043e-06,
        "dist_median": 0.011281878687441349,
        "dist_max": 0.765201210975647
      }
    },
    "gaiaxp_rp": {
      "kind": "gaiaxpy_xp",
      "columns": {
        "kind": "gaiaxpy_xp",
        "xp_band": "RP"
      },
      "metrics": {
        "status": "ok",
        "n_points": 500000,
        "inertia_per_point": 0.0009841443970799446,
        "rmse": 0.03137107580367535,
        "mae_dist": 0.024034878239035606,
        "p95_dist": 0.053930412977933884,
        "code_usage": 2038,
        "code_usage_frac": 0.9951171875,
        "perplexity": 1873.6505234123335,
        "perplexity_frac": 0.9148684196349285,
        "top10_mass": 0.014615999999999999,
        "dist_min": 2.1607655071420595e-05,
        "dist_median": 0.019736504182219505,
        "dist_max": 0.6534736156463623
      }
    }
  }
}